CREATE DATABASE  IF NOT EXISTS `hotcorner` /*!40100 DEFAULT CHARACTER SET latin1 */;
USE `hotcorner`;
-- MySQL dump 10.13  Distrib 5.6.24, for Win32 (x86)
--
-- Host: localhost    Database: hotcorner
-- ------------------------------------------------------
-- Server version	5.6.17

/*!40101 SET @OLD_CHARACTER_SET_CLIENT=@@CHARACTER_SET_CLIENT */;
/*!40101 SET @OLD_CHARACTER_SET_RESULTS=@@CHARACTER_SET_RESULTS */;
/*!40101 SET @OLD_COLLATION_CONNECTION=@@COLLATION_CONNECTION */;
/*!40101 SET NAMES utf8 */;
/*!40103 SET @OLD_TIME_ZONE=@@TIME_ZONE */;
/*!40103 SET TIME_ZONE='+00:00' */;
/*!40014 SET @OLD_UNIQUE_CHECKS=@@UNIQUE_CHECKS, UNIQUE_CHECKS=0 */;
/*!40014 SET @OLD_FOREIGN_KEY_CHECKS=@@FOREIGN_KEY_CHECKS, FOREIGN_KEY_CHECKS=0 */;
/*!40101 SET @OLD_SQL_MODE=@@SQL_MODE, SQL_MODE='NO_AUTO_VALUE_ON_ZERO' */;
/*!40111 SET @OLD_SQL_NOTES=@@SQL_NOTES, SQL_NOTES=0 */;

--
-- Table structure for table `expense`
--

DROP TABLE IF EXISTS `expense`;
/*!40101 SET @saved_cs_client     = @@character_set_client */;
/*!40101 SET character_set_client = utf8 */;
CREATE TABLE `expense` (
  `expense_id` int(11) NOT NULL AUTO_INCREMENT,
  `userid` int(11) NOT NULL,
  `expense_name` varchar(50) DEFAULT NULL,
  `cost` double DEFAULT NULL,
  `date_incured` date DEFAULT NULL,
  `quantity` int(11) NOT NULL,
  `package` text NOT NULL,
  PRIMARY KEY (`expense_id`)
) ENGINE=InnoDB AUTO_INCREMENT=3 DEFAULT CHARSET=latin1;
/*!40101 SET character_set_client = @saved_cs_client */;

--
-- Dumping data for table `expense`
--

LOCK TABLES `expense` WRITE;
/*!40000 ALTER TABLE `expense` DISABLE KEYS */;
INSERT INTO `expense` VALUES (1,0,'water',200,'2016-06-06',0,''),(2,0,'salt',25,'2016-06-06',0,'');
/*!40000 ALTER TABLE `expense` ENABLE KEYS */;
UNLOCK TABLES;

--
-- Table structure for table `food`
--

DROP TABLE IF EXISTS `food`;
/*!40101 SET @saved_cs_client     = @@character_set_client */;
/*!40101 SET character_set_client = utf8 */;
CREATE TABLE `food` (
  `food_id` int(100) NOT NULL AUTO_INCREMENT,
  `category_id` int(11) NOT NULL,
  `food_name` varchar(50) DEFAULT NULL,
  `food_cost` double DEFAULT NULL,
  `availablequantity` int(11) NOT NULL,
  `date` date NOT NULL,
  PRIMARY KEY (`food_id`)
) ENGINE=InnoDB AUTO_INCREMENT=40 DEFAULT CHARSET=latin1;
/*!40101 SET character_set_client = @saved_cs_client */;

--
-- Dumping data for table `food`
--

LOCK TABLES `food` WRITE;
/*!40000 ALTER TABLE `food` DISABLE KEYS */;
INSERT INTO `food` VALUES (7,1,'CHICKEN CHAPATItrial',220,90,'2016-05-22'),(8,1,'CHICKEN CHAPATI',220,96,'2016-05-22'),(9,1,'CHICKEN CHAPATI',220,96,'2016-05-22'),(10,1,'CHICKEN CHAPATI',220,96,'2016-05-22'),(11,1,'CHICKEN CHAPATI',220,96,'2016-05-22'),(12,1,'CHICKEN CHAPATI',220,96,'2016-05-22'),(13,1,'CHICKEN CHAPATI',220,96,'2016-05-22'),(14,1,'CHICKEN CHAPATI',220,96,'2016-05-22'),(15,1,'CHICKEN CHAPATI',220,96,'2016-05-22'),(16,1,'CHICKEN CHAPATI',220,96,'2016-05-22'),(17,1,'CHICKEN CHAPATI',220,96,'2016-05-22'),(18,1,'CHICKEN CHAPATI',220,96,'2016-05-22'),(19,1,'CHICKEN CHAPATI',220,96,'2016-05-22'),(20,1,'CHICKEN CHAPATI',220,96,'2016-05-22'),(21,7,'CHICKEN CHAPATI',220,96,'2016-05-22'),(22,7,'CHICKEN CHAPATI',220,96,'2016-05-22'),(23,7,'CHICKEN CHAPATI',220,96,'2016-05-22'),(24,7,'CHICKEN CHAPATI',220,96,'2016-05-22'),(25,7,'CHICKEN CHAPATI',220,96,'2016-05-22'),(26,1,'CHICKEN CHAPATI',220,96,'2016-05-22'),(27,1,'CHICKEN CHAPATI',220,96,'2016-05-22'),(28,1,'CHICKEN CHAPATI',220,96,'2016-05-22'),(29,1,'CHICKEN CHAPATI',220,96,'2016-05-22'),(30,1,'CHICKEN CHAPATI',220,96,'2016-05-22'),(31,1,'CHICKEN ',220,0,'2016-05-22'),(32,1,'CHICKEN CHAPATI',220,96,'2016-05-22'),(33,7,'CHICKEN CHAPATI',220,96,'2016-05-22'),(34,1,'CHICKEN CHAPATI',220,96,'2016-05-22'),(35,5,'CHICKEN ',220,0,'2016-05-22'),(36,5,'CHICKEN ',220,0,'2016-05-22'),(37,5,'CHICKEN ',220,0,'2016-05-22'),(38,5,'CHICKEN ',220,0,'2016-05-22'),(39,5,'CHICKEN ',220,0,'2016-05-22');
/*!40000 ALTER TABLE `food` ENABLE KEYS */;
UNLOCK TABLES;

--
-- Table structure for table `food_category`
--

DROP TABLE IF EXISTS `food_category`;
/*!40101 SET @saved_cs_client     = @@character_set_client */;
/*!40101 SET character_set_client = utf8 */;
CREATE TABLE `food_category` (
  `category_id` int(11) NOT NULL AUTO_INCREMENT,
  `category_name` varchar(50) DEFAULT NULL,
  `date_created` date DEFAULT NULL,
  PRIMARY KEY (`category_id`)
) ENGINE=InnoDB AUTO_INCREMENT=10 DEFAULT CHARSET=latin1;
/*!40101 SET character_set_client = @saved_cs_client */;

--
-- Dumping data for table `food_category`
--

LOCK TABLES `food_category` WRITE;
/*!40000 ALTER TABLE `food_category` DISABLE KEYS */;
INSERT INTO `food_category` VALUES (1,'MAIN DISHES','2016-05-21'),(2,'LIVERS','2016-05-21'),(3,'SOUP','2016-05-21'),(4,'SIDE PLATES','2016-05-21'),(5,'LIGHT DISHES SNACKS','2016-05-21'),(6,'CHOMA ZONE','2016-05-21'),(7,'BEVAREGES','2016-05-21'),(8,'WATER','2016-05-31'),(9,'HOTCORNER SPECIALS','2016-05-31');
/*!40000 ALTER TABLE `food_category` ENABLE KEYS */;
UNLOCK TABLES;

--
-- Table structure for table `food_order`
--

DROP TABLE IF EXISTS `food_order`;
/*!40101 SET @saved_cs_client     = @@character_set_client */;
/*!40101 SET character_set_client = utf8 */;
CREATE TABLE `food_order` (
  `order_id` int(100) NOT NULL AUTO_INCREMENT,
  `user_id` int(100) NOT NULL,
  `order_cost` double NOT NULL,
  `payment_status` varchar(45) DEFAULT NULL,
  `date_created` datetime DEFAULT NULL,
  PRIMARY KEY (`order_id`)
) ENGINE=InnoDB AUTO_INCREMENT=53 DEFAULT CHARSET=latin1;
/*!40101 SET character_set_client = @saved_cs_client */;

--
-- Dumping data for table `food_order`
--

LOCK TABLES `food_order` WRITE;
/*!40000 ALTER TABLE `food_order` DISABLE KEYS */;
INSERT INTO `food_order` VALUES (2,0,0,NULL,NULL),(3,0,220,'NOT PAID','2016-05-23 13:36:41'),(7,1,1230,'NOT PAID','2016-05-23 13:45:43'),(8,1,1240,'PAID','2016-05-23 13:49:07'),(9,1,1510,'PAID','2016-05-23 16:33:17'),(10,1,1070,'PAID','2016-05-23 16:35:30'),(11,1,1340,'PAID','2016-05-24 07:17:16'),(12,1,950,'PAID','2016-05-24 12:08:12'),(13,1,710,'PAID','2016-05-24 13:12:36'),(14,1,1010,'PAID','2016-05-24 13:18:14'),(15,1,900,'PAID','2016-05-24 13:20:49'),(16,1,1430,'PAID','2016-05-25 08:31:03'),(17,1,940,'PAID','2016-05-25 08:34:44'),(18,1,460,'PAID','2016-05-25 08:38:48'),(19,1,980,'NOT PAID','2016-05-25 08:44:50'),(20,1,460,'PAID','2016-05-25 08:48:28'),(21,1,460,'PAID','2016-05-25 08:51:27'),(22,1,460,'NOT PAID','2016-05-25 08:52:54'),(23,1,510,'PAID','2016-05-25 08:55:47'),(24,1,760,'NOT PAID','2016-05-25 08:59:51'),(25,1,890,'NOT PAID','2016-05-25 09:01:46'),(26,1,490,'NOT PAID','2016-05-25 09:04:15'),(27,1,750,'NOT PAID','2016-05-25 09:06:16'),(28,1,890,'NOT PAID','2016-05-25 09:07:47'),(29,1,510,'PAID','2016-05-25 09:23:51'),(30,1,1370,'PAID','2016-05-26 09:56:38'),(31,1,940,'PAID','2016-05-26 09:57:22'),(32,1,2310,'PAID','2016-05-26 13:05:06'),(33,1,940,'PAID','2016-05-29 13:09:51'),(34,1,1140,'PAID','2016-05-29 13:11:52'),(35,1,740,'CANCELLED','2016-05-29 13:14:20'),(36,1,970,'NOT PAID','2016-05-29 15:27:00'),(37,1,960,'PAID','2016-05-31 17:24:07'),(38,2,700,'PAID','2016-05-31 17:27:35'),(39,1,710,'NOT PAID','2016-05-31 17:29:25'),(40,1,500,'NOT PAID','2016-05-31 17:32:09'),(41,1,690,'NOT PAID','2016-05-31 17:43:17'),(42,1,1320,'NOT PAID','2016-06-04 12:29:02'),(43,1,220,'NOT PAID','2016-06-04 12:48:04'),(44,1,1320,'PAID','2016-06-05 10:45:34'),(45,2,660,'NOT PAID','2016-06-14 17:30:11'),(46,1,440,'NOT PAID','2016-06-19 15:09:40'),(47,1,880,'NOT PAID','2016-06-30 12:39:12'),(48,1,440,'NOT PAID','2016-06-30 12:42:13'),(49,1,2420,'NOT PAID','2016-06-30 12:45:20'),(50,1,1540,'NOT PAID','2016-06-30 12:49:09'),(51,1,660,'PAID','2016-06-30 12:50:14'),(52,1,880,'NOT PAID','2016-08-03 08:56:52');
/*!40000 ALTER TABLE `food_order` ENABLE KEYS */;
UNLOCK TABLES;

--
-- Table structure for table `food_orderdetails`
--

DROP TABLE IF EXISTS `food_orderdetails`;
/*!40101 SET @saved_cs_client     = @@character_set_client */;
/*!40101 SET character_set_client = utf8 */;
CREATE TABLE `food_orderdetails` (
  `order_id` int(11) NOT NULL,
  `food_name` varchar(100) NOT NULL,
  `qty` int(11) NOT NULL,
  `cost` double NOT NULL,
  `date` datetime NOT NULL
) ENGINE=InnoDB DEFAULT CHARSET=latin1;
/*!40101 SET character_set_client = @saved_cs_client */;

--
-- Dumping data for table `food_orderdetails`
--

LOCK TABLES `food_orderdetails` WRITE;
/*!40000 ALTER TABLE `food_orderdetails` DISABLE KEYS */;
INSERT INTO `food_orderdetails` VALUES (2,'CHICKEN UGALI',1,220,'2016-05-23 13:36:41'),(31,'CHICKEN UGALI',1,220,'2016-05-23 13:45:43'),(31,'CHICKEN IRIO',1,240,'2016-05-23 13:45:43'),(31,'CHICKEN RICE',1,250,'2016-05-23 13:45:43'),(31,'CHICKEN CHIPS',2,520,'2016-05-23 13:45:43'),(8,'CHICKEN IRIO',2,480,'2016-05-23 13:49:07'),(8,'CHICKEN RICE',1,250,'2016-05-23 13:49:07'),(8,'CHICKEN CHIPS',1,260,'2016-05-23 13:49:07'),(8,'BEEF RICE',1,250,'2016-05-23 13:49:08'),(9,'CHICKEN IRIO',1,240,'2016-05-23 16:33:17'),(9,'CHICKEN RICE',1,250,'2016-05-23 16:33:17'),(9,'CHICKEN CHIPS',2,520,'2016-05-23 16:33:17'),(9,'BEEF RICE',2,500,'2016-05-23 16:33:17'),(10,'CHICKEN UGALI',1,220,'2016-05-23 16:35:30'),(10,'CHICKEN IRIO',1,240,'2016-05-23 16:35:30'),(10,'CHICKEN RICE',1,250,'2016-05-23 16:35:30'),(10,'CHICKEN CHIPS',1,260,'2016-05-23 16:35:30'),(10,'CHICKEN SOUP KIENYEJI',1,100,'2016-05-23 16:35:30'),(11,'CHICKEN IRIO',1,240,'2016-05-24 07:17:16'),(11,'CHICKEN RICE',1,250,'2016-05-24 07:17:16'),(11,'BEEF RICE',1,250,'2016-05-24 07:17:17'),(11,'BEEF UGALI',3,600,'2016-05-24 07:17:17'),(12,'CHICKEN UGALI',1,220,'2016-05-24 12:08:12'),(12,'CHICKEN IRIO',2,480,'2016-05-24 12:08:12'),(12,'CHICKEN RICE',1,250,'2016-05-24 12:08:12'),(13,'CHICKEN UGALI',1,220,'2016-05-24 13:12:36'),(13,'CHICKEN IRIO',1,240,'2016-05-24 13:12:36'),(13,'CHICKEN RICE',1,250,'2016-05-24 13:12:36'),(14,'CHICKEN IRIO',1,240,'2016-05-24 13:18:14'),(14,'CHICKEN RICE',1,250,'2016-05-24 13:18:14'),(14,'CHICKEN CHIPS',2,520,'2016-05-24 13:18:14'),(15,'CHICKEN IRIO',1,240,'2016-05-24 13:20:49'),(15,'CHICKEN CHIPS',1,260,'2016-05-24 13:20:49'),(15,'BEEF UGALI',2,400,'2016-05-24 13:20:50'),(16,'BEEF RICE',3,750,'2016-05-25 08:31:04'),(16,'BEEF UGALI',1,200,'2016-05-25 08:31:04'),(16,'BEEF CHAPATI',1,220,'2016-05-25 08:31:04'),(16,'CHICKEN CHIPS',1,260,'2016-05-25 08:31:04'),(17,'CHICKEN IRIO',1,240,'2016-05-25 08:34:44'),(17,'CHICKEN RICE',1,250,'2016-05-25 08:34:44'),(17,'BEEF RICE',1,250,'2016-05-25 08:34:44'),(17,'BEEF UGALI',1,200,'2016-05-25 08:34:45'),(18,'CHICKEN UGALI',1,220,'2016-05-25 08:38:48'),(18,'CHICKEN IRIO',1,240,'2016-05-25 08:38:48'),(19,'CHICKEN UGALI',1,220,'2016-05-25 08:44:50'),(19,'CHICKEN IRIO',1,240,'2016-05-25 08:44:50'),(19,'CHICKEN CHIPS',2,520,'2016-05-25 08:44:50'),(20,'CHICKEN UGALI',1,220,'2016-05-25 08:48:28'),(20,'CHICKEN IRIO',1,240,'2016-05-25 08:48:29'),(21,'CHICKEN UGALI',1,220,'2016-05-25 08:51:28'),(21,'CHICKEN IRIO',1,240,'2016-05-25 08:51:28'),(22,'CHICKEN UGALI',1,220,'2016-05-25 08:52:54'),(22,'CHICKEN IRIO',1,240,'2016-05-25 08:52:54'),(23,'CHICKEN CHIPS',1,260,'2016-05-25 08:55:47'),(23,'BEEF RICE',1,250,'2016-05-25 08:55:48'),(24,'CHICKEN RICE',1,250,'2016-05-25 08:59:51'),(24,'CHICKEN CHIPS',1,260,'2016-05-25 08:59:51'),(24,'BEEF RICE',1,250,'2016-05-25 08:59:51'),(25,'CHICKEN IRIO',1,240,'2016-05-25 09:01:46'),(25,'BEEF RICE',1,250,'2016-05-25 09:01:47'),(25,'BEEF UGALI',2,400,'2016-05-25 09:01:47'),(26,'CHICKEN IRIO',1,240,'2016-05-25 09:04:15'),(26,'CHICKEN RICE',1,250,'2016-05-25 09:04:15'),(27,'CHICKEN IRIO',1,240,'2016-05-25 09:06:16'),(27,'CHICKEN RICE',1,250,'2016-05-25 09:06:17'),(27,'CHICKEN CHIPS',1,260,'2016-05-25 09:06:17'),(28,'CHICKEN IRIO',1,240,'2016-05-25 09:07:47'),(28,'BEEF RICE',1,250,'2016-05-25 09:07:47'),(28,'BEEF UGALI',2,400,'2016-05-25 09:07:47'),(29,'CHICKEN CHIPS',1,260,'2016-05-25 09:23:51'),(29,'BEEF RICE',1,250,'2016-05-25 09:23:51'),(30,'BEEF CHAPATI',1,220,'2016-05-26 09:56:38'),(30,'BEEF UGALI',2,400,'2016-05-26 09:56:38'),(30,'CHICKEN CHIPS',1,260,'2016-05-26 09:56:39'),(30,'CHICKEN RICE',1,250,'2016-05-26 09:56:39'),(30,'CHICKEN IRIO',1,240,'2016-05-26 09:56:39'),(31,'LIVER IRIO',1,220,'2016-05-26 09:57:22'),(31,'LIVER RICE',3,720,'2016-05-26 09:57:22'),(32,'CHICKEN CHAPATI',3,660,'2016-05-26 13:05:06'),(32,'CHICKEN IRIO',1,240,'2016-05-26 13:05:06'),(32,'CHICKEN CHIPS',2,520,'2016-05-26 13:05:07'),(32,'BEEF RICE',1,250,'2016-05-26 13:05:07'),(32,'BEEF UGALI',1,200,'2016-05-26 13:05:07'),(32,'BEEF CHAPATI',2,440,'2016-05-26 13:05:07'),(33,'CHICKEN IRIO',1,240,'2016-05-29 13:09:52'),(33,'BEEF RICE',2,500,'2016-05-29 13:09:52'),(33,'BEEF UGALI',1,200,'2016-05-29 13:09:52'),(34,'CHICKEN UGALI',1,220,'2016-05-29 13:11:52'),(34,'CHICKEN CHIPS',2,520,'2016-05-29 13:11:52'),(34,'BEEF UGALI',2,400,'2016-05-29 13:11:52'),(35,'CHICKEN IRIO',2,480,'2016-05-29 13:14:20'),(35,'CHICKEN CHIPS',1,260,'2016-05-29 13:14:20'),(36,'CHICKEN IRIO',1,240,'2016-05-29 15:27:00'),(36,'CHICKEN RICE',1,250,'2016-05-29 15:27:00'),(36,'CHICKEN CHIPS',1,260,'2016-05-29 15:27:00'),(36,'BEEF CHAPATI',1,220,'2016-05-29 15:27:01'),(37,'CHICKEN IRIO',1,240,'2016-05-31 17:24:07'),(37,'BEEF RICE',2,500,'2016-05-31 17:24:07'),(37,'BEEF CHAPATI',1,220,'2016-05-31 17:24:07'),(38,'CHICKEN RICE',1,250,'2016-05-31 17:27:35'),(38,'BEEF RICE',1,250,'2016-05-31 17:27:35'),(38,'BEEF UGALI',1,200,'2016-05-31 17:27:36'),(39,'CHICKEN CHIPS',1,260,'2016-05-31 17:29:25'),(39,'BEEF RICE',1,250,'2016-05-31 17:29:25'),(39,'BEEF UGALI',1,200,'2016-05-31 17:29:25'),(40,'CHICKEN RICE',1,250,'2016-05-31 17:32:09'),(40,'BEEF RICE',1,250,'2016-05-31 17:32:09'),(41,'CHICKEN IRIO',1,240,'2016-05-31 17:43:17'),(41,'BEEF RICE',1,250,'2016-05-31 17:43:17'),(41,'BEEF UGALI',1,200,'2016-05-31 17:43:17'),(42,'CHICKEN CHAPATI',6,1320,'2016-06-04 12:29:02'),(43,'CHICKEN CHAPATI',1,220,'2016-06-04 12:48:04'),(44,'CHICKEN CHAPATI',6,1320,'2016-06-05 10:45:34'),(45,'CHICKEN ',1,220,'2016-06-14 17:30:11'),(45,'CHICKEN CHAPATI',2,440,'2016-06-14 17:30:11'),(46,'CHICKEN CHAPATI',2,440,'2016-06-19 15:09:41'),(47,'CHICKEN CHAPATItrial',4,880,'2016-06-30 12:39:12'),(48,'CHICKEN CHAPATItrial',2,440,'2016-06-30 12:42:13'),(49,'CHICKEN CHAPATItrial',11,2420,'2016-06-30 12:45:20'),(50,'CHICKEN CHAPATItrial',7,1540,'2016-06-30 12:49:09'),(51,'CHICKEN CHAPATItrial',3,660,'2016-06-30 12:50:15'),(52,'CHICKEN CHAPATI',4,880,'2016-08-03 08:56:52');
/*!40000 ALTER TABLE `food_orderdetails` ENABLE KEYS */;
UNLOCK TABLES;

--
-- Table structure for table `hotcorner_users`
--

DROP TABLE IF EXISTS `hotcorner_users`;
/*!40101 SET @saved_cs_client     = @@character_set_client */;
/*!40101 SET character_set_client = utf8 */;
CREATE TABLE `hotcorner_users` (
  `userid` int(50) NOT NULL AUTO_INCREMENT,
  `fname` varchar(45) DEFAULT NULL,
  `othername` varchar(50) DEFAULT NULL,
  `idno` int(50) DEFAULT NULL,
  `gender` varchar(30) DEFAULT NULL,
  `email` varchar(45) DEFAULT NULL,
  `role` varchar(50) DEFAULT NULL,
  `username` varchar(50) DEFAULT NULL,
  `password` varchar(100) DEFAULT NULL,
  `dateofregistration` datetime DEFAULT NULL,
  PRIMARY KEY (`userid`),
  UNIQUE KEY `password` (`password`)
) ENGINE=InnoDB AUTO_INCREMENT=3 DEFAULT CHARSET=latin1;
/*!40101 SET character_set_client = @saved_cs_client */;

--
-- Dumping data for table `hotcorner_users`
--

LOCK TABLES `hotcorner_users` WRITE;
/*!40000 ALTER TABLE `hotcorner_users` DISABLE KEYS */;
INSERT INTO `hotcorner_users` VALUES (1,'admin','admin',0,'Male','admin@gmail.com','Admin','admin','8cb2237d0679ca88db6464eac60da96345513964','2016-05-21 14:20:09'),(2,'ddd','dd',0,'Male','hhh','Admin','daniel','7110eda4d09e062aa5e4a390b0a572ac0d2c0220','2016-05-31 17:26:53');
/*!40000 ALTER TABLE `hotcorner_users` ENABLE KEYS */;
UNLOCK TABLES;

--
-- Table structure for table `paid_orders`
--

DROP TABLE IF EXISTS `paid_orders`;
/*!40101 SET @saved_cs_client     = @@character_set_client */;
/*!40101 SET character_set_client = utf8 */;
CREATE TABLE `paid_orders` (
  `paid_order_id` int(11) NOT NULL AUTO_INCREMENT,
  `order_id` int(11) NOT NULL,
  `userid` int(11) NOT NULL,
  `total_paid` double NOT NULL,
  `date_paid` datetime NOT NULL,
  PRIMARY KEY (`paid_order_id`)
) ENGINE=InnoDB AUTO_INCREMENT=25 DEFAULT CHARSET=latin1;
/*!40101 SET character_set_client = @saved_cs_client */;

--
-- Dumping data for table `paid_orders`
--

LOCK TABLES `paid_orders` WRITE;
/*!40000 ALTER TABLE `paid_orders` DISABLE KEYS */;
INSERT INTO `paid_orders` VALUES (1,10,1,1070,'2016-05-24 06:50:51'),(2,9,1,1510,'2016-05-24 07:02:37'),(3,8,1,1240,'2016-05-24 07:06:58'),(4,11,1,1340,'2016-05-24 07:18:08'),(5,12,2,950,'2016-05-25 09:10:55'),(6,13,2,710,'2016-05-25 09:15:28'),(7,14,2,1010,'2016-05-25 09:21:27'),(8,15,1,900,'2016-05-25 09:25:05'),(9,16,1,1430,'2016-05-25 09:31:31'),(10,17,1,940,'2016-05-25 09:39:57'),(11,18,1,460,'2016-05-25 12:01:01'),(12,31,1,940,'2016-05-26 09:58:30'),(13,30,1,1370,'2016-05-26 11:03:38'),(14,29,1,510,'2016-05-26 11:17:16'),(15,32,1,2310,'2016-05-26 13:06:53'),(16,23,1,510,'2016-05-27 12:16:01'),(17,20,1,460,'2016-05-27 12:17:29'),(18,21,1,460,'2016-05-27 12:27:10'),(19,33,1,940,'2016-06-09 12:21:46'),(20,38,1,700,'2016-06-16 10:01:14'),(21,34,1,1140,'2016-06-17 16:49:40'),(22,44,1,1320,'2016-06-17 17:01:18'),(23,37,1,960,'2016-06-17 17:07:22'),(24,51,1,660,'2016-07-16 16:40:03');
/*!40000 ALTER TABLE `paid_orders` ENABLE KEYS */;
UNLOCK TABLES;
/*!40103 SET TIME_ZONE=@OLD_TIME_ZONE */;

/*!40101 SET SQL_MODE=@OLD_SQL_MODE */;
/*!40014 SET FOREIGN_KEY_CHECKS=@OLD_FOREIGN_KEY_CHECKS */;
/*!40014 SET UNIQUE_CHECKS=@OLD_UNIQUE_CHECKS */;
/*!40101 SET CHARACTER_SET_CLIENT=@OLD_CHARACTER_SET_CLIENT */;
/*!40101 SET CHARACTER_SET_RESULTS=@OLD_CHARACTER_SET_RESULTS */;
/*!40101 SET COLLATION_CONNECTION=@OLD_COLLATION_CONNECTION */;
/*!40111 SET SQL_NOTES=@OLD_SQL_NOTES */;

-- Dump completed on 2016-09-14 18:51:26
